,Macro F-measure,CHI,FEM,KCHI,MAL,SPEECH
,%,,,,,
item,,,,,,
test/vanuatu_van4_20170724_1_01_1980_2040,60.579162042244114,0.3818963437747682,0.5209246905113232,0.3390757356822092,1.0,0.7870613321439054
test/vanuatu_van4_20170724_1_02_5580_5640,34.79137525040838,0.0,0.25500131538311943,0.8003595341290816,0.0,0.684207913008218
test/vanuatu_van4_20170724_1_03_9180_9240,55.14891553053236,0.398090948534121,0.5848445213282144,0.7223017116963328,0.21160923385747746,0.8405993611104724
test/vanuatu_van4_20170724_1_04_12780_12840,81.36806288297015,0.2852314092563703,1.0,0.8570221820865925,1.0,0.9261495528055448
test/vanuatu_van4_20170725_1_01_1980_2040,64.95122899327646,0.0,1.0,0.8433407969074392,0.5271908184060938,0.8770298343502898
test/vanuatu_van4_20170725_1_02_5580_5640,65.03437471291197,1.0,0.0,0.6973744542572916,1.0,0.5543442813883068
test/vanuatu_van4_20170725_1_03_9180_9240,35.82821531386039,0.5255376715589175,0.0,0.36384885439763487,0.0,0.9020242397364671
test/vanuatu_van4_20170725_1_04_12780_12840,70.3794199086165,0.0,1.0,0.6847405880137198,1.0,0.8342304074171051
test/vanuatu_van4_20170725_1_05_16380_16440,81.87534239992974,0.6193520947047569,0.8015370308634387,0.8550674011375338,1.0,0.8178105932907576
test/vanuatu_van4_20170725_1_06_19980_20040,59.54455350482196,0.0,1.0,0.3963442391418531,1.0,0.5808834360992451
test/vanuatu_van4_20170726_1_01_1980_2040,48.715566421526475,0.4797248323032111,0.0,0.7243081761006306,0.6340818271022058,0.5976634855702763
test/vanuatu_van4_20170726_1_02_5580_5640,40.64662682749588,0.0,0.6635921970948736,0.7022703699435289,0.0,0.6664687743363916
test/vanuatu_van4_20170726_1_03_9180_9240,76.95982541633961,0.6725455614344503,0.8690155683015336,0.45730720269059716,1.0,0.8491229383903997
test/tsimane_C04_20170707_12840,53.90202099429799,0.3137605253165955,0.0,0.6695495641035994,1.0,0.7117909602947046
test/tsimane_C04_20170707_16440,31.338621353889316,0.11305389221556884,0.0,0.39216239228170297,0.3027585156887983,0.7589562675083958
test/tsimane_C04_20170707_20040,7.760574255304213,0.0,0.0,0.0,0.0,0.38802871276521067
test/tsimane_C04_20170707_2040,55.90189010567207,0.16457388437343592,0.0,0.7692404858023161,1.0,0.8612801351078516
test/tsimane_C04_20170707_27240,60.82522634719481,0.5331429867942065,0.0,0.6133606941038989,1.0,0.8947576364616349
test/tsimane_C04_20170707_30840,56.13594567560378,0.0,0.6723321926001449,0.5096651238769403,1.0,0.6247999673031037
test/tsimane_C04_20170707_34440,58.07928540915256,0.1551650884371161,0.4689761652031262,0.4340137887118697,1.0,0.8458092281055158
test/tsimane_C04_20170707_38040,46.22171957797161,1.0,0.6076742148862941,0.0,0.0,0.7034117640122867
test/tsimane_C04_20170707_41640,79.82090243981955,1.0,1.0,0.465101421498163,1.0,0.525943700492814
test/tsimane_C04_20170707_45240,93.02473277709397,1.0,1.0,1.0,0.7730252689198637,0.8782113699348352
test/tsimane_C04_20170707_56040,60.0,1.0,1.0,0.0,1.0,0.0
test/tsimane_C04_20170707_5640,37.40814594948202,0.0,1.0,0.45471328795765,0.0,0.415694009516451
test/tsimane_C04_20170707_9240,62.21196265130725,0.7324857701829138,0.0,0.5809894758797692,1.0,0.7971228865026795
test/tsimane_C04_C05_M03_20170707_12840,53.90202099429799,0.3137605253165955,0.0,0.6695495641035994,1.0,0.7117909602947046
test/tsimane_C04_C05_M03_20170707_16440,31.338621353889316,0.11305389221556884,0.0,0.39216239228170297,0.3027585156887983,0.7589562675083958
test/tsimane_C04_C05_M03_20170707_20040,7.760574255304213,0.0,0.0,0.0,0.0,0.38802871276521067
test/tsimane_C04_C05_M03_20170707_2040,55.90189010567207,0.16457388437343592,0.0,0.7692404858023161,1.0,0.8612801351078516
test/tsimane_C04_C05_M03_20170707_27240,60.82522634719481,0.5331429867942065,0.0,0.6133606941038989,1.0,0.8947576364616349
test/tsimane_C04_C05_M03_20170707_30840,56.13594567560378,0.0,0.6723321926001449,0.5096651238769403,1.0,0.6247999673031037
test/tsimane_C04_C05_M03_20170707_34440,58.07928540915256,0.1551650884371161,0.4689761652031262,0.4340137887118697,1.0,0.8458092281055158
test/tsimane_C04_C05_M03_20170707_38040,46.22171957797161,1.0,0.6076742148862941,0.0,0.0,0.7034117640122867
test/tsimane_C04_C05_M03_20170707_41640,79.82090243981955,1.0,1.0,0.465101421498163,1.0,0.525943700492814
test/tsimane_C04_C05_M03_20170707_45240,93.02473277709397,1.0,1.0,1.0,0.7730252689198637,0.8782113699348352
test/tsimane_C04_C05_M03_20170707_56040,60.0,1.0,1.0,0.0,1.0,0.0
test/tsimane_C04_C05_M03_20170707_5640,37.40814594948202,0.0,1.0,0.45471328795765,0.0,0.415694009516451
test/tsimane_C04_C05_M03_20170707_9240,62.21196265130725,0.7324857701829138,0.0,0.5809894758797692,1.0,0.7971228865026795
test/tsimane_C10_20170709_12840,24.84730190362762,0.0,0.43138388750164247,0.15467638263499756,0.0,0.6563048250447409
test/tsimane_C10_20170709_16440,23.054394573557985,0.2610110710951064,0.0,0.18202766511491592,0.0,0.7096809924678769
test/tsimane_C10_20170709_20040,56.44620935528197,0.42438642397387216,0.0,0.570250788468418,1.0,0.8276732553218088
test/tsimane_C10_20170709_2040,49.388056631835724,0.20841446605552755,0.3406219151036528,0.35816032879419024,1.0,0.5622061216384158
test/tsimane_C10_20170709_23640,52.00071160181699,1.0,0.0,0.33018480492813185,0.5626709593086584,0.7071798158540589
test/tsimane_C10_20170709_27240,49.90952598255939,0.3439368966329174,0.0,0.4250684752836826,1.0,0.7264709272113699
test/tsimane_C10_20170709_30840,94.40529771646794,0.8121833839918948,1.0,1.0,1.0,0.9080815018315019
test/tsimane_C10_20170709_34440,54.49717879970388,0.36836681191126225,1.0,0.5496816429019821,0.0,0.8068104851719493
test/tsimane_C10_20170709_38040,35.705841515496566,0.0,0.0,0.8755834560964203,0.0,0.9097086196784081
test/tsimane_C10_20170709_52440,64.89231727962529,1.0,0.38710187619857234,1.0,0.36707937639775695,0.49043461138493516
test/tsimane_C10_20170709_56040,60.0,1.0,1.0,0.0,1.0,0.0
test/tsimane_C10_20170709_5640,60.0,1.0,0.0,1.0,1.0,0.0
test/tsimane_C10_20170709_9240,45.41814648479761,0.47604857334426004,0.0,0.02460066994819218,1.0,0.7702580809474286
test/tsimane_C10_C11_M06_20170709_12840,24.84730190362762,0.0,0.43138388750164247,0.15467638263499756,0.0,0.6563048250447409
test/tsimane_C10_C11_M06_20170709_16440,23.054394573557985,0.2610110710951064,0.0,0.18202766511491592,0.0,0.7096809924678769
test/tsimane_C10_C11_M06_20170709_20040,56.44620935528197,0.42438642397387216,0.0,0.570250788468418,1.0,0.8276732553218088
test/tsimane_C10_C11_M06_20170709_2040,49.388056631835724,0.20841446605552755,0.3406219151036528,0.35816032879419024,1.0,0.5622061216384158
test/tsimane_C10_C11_M06_20170709_23640,52.00071160181699,1.0,0.0,0.33018480492813185,0.5626709593086584,0.7071798158540589
test/tsimane_C10_C11_M06_20170709_27240,49.90952598255939,0.3439368966329174,0.0,0.4250684752836826,1.0,0.7264709272113699
test/tsimane_C10_C11_M06_20170709_30840,94.40529771646794,0.8121833839918948,1.0,1.0,1.0,0.9080815018315019
test/tsimane_C10_C11_M06_20170709_34440,54.49717879970388,0.36836681191126225,1.0,0.5496816429019821,0.0,0.8068104851719493
test/tsimane_C10_C11_M06_20170709_38040,35.705841515496566,0.0,0.0,0.8755834560964203,0.0,0.9097086196784081
test/tsimane_C10_C11_M06_20170709_52440,64.89231727962529,1.0,0.38710187619857234,1.0,0.36707937639775695,0.49043461138493516
test/tsimane_C10_C11_M06_20170709_56040,60.0,1.0,1.0,0.0,1.0,0.0
test/tsimane_C10_C11_M06_20170709_5640,60.0,1.0,0.0,1.0,1.0,0.0
test/tsimane_C10_C11_M06_20170709_9240,45.41814648479761,0.47604857334426004,0.0,0.02460066994819218,1.0,0.7702580809474286
test/tsimane_C12_20170709_12840,57.957404198544396,0.0,0.20097555774715467,0.8512886904368736,1.0,0.8456059617431918
test/tsimane_C12_20170709_16440,46.92711014479284,0.2051594026564689,0.487276458854593,0.9512743813502756,0.0,0.7026452643783045
test/tsimane_C12_20170709_20040,30.688542143342378,0.23546725533480461,0.0,0.5621539011174405,0.0,0.7368059507148739
test/tsimane_C12_20170709_2040,45.193388863933606,1.0,0.5958882512455073,0.0,0.0,0.663781191951173
test/tsimane_C12_20170709_23640,32.51781970766442,0.0,0.0,0.840354067820497,0.0,0.785536917562724
test/tsimane_C12_20170709_27240,54.948617825113764,0.0,0.0,0.8351301777490401,1.0,0.9123007135066485
test/tsimane_C12_20170709_30840,27.87107477092941,0.46687905851221423,0.34175382347998096,0.0,0.0,0.5849208565542752
test/tsimane_C12_20170709_34440,40.071399465509025,0.0,0.0,0.7644002255699669,0.53561006302954,0.7035596846759443
test/tsimane_C12_20170709_38040,37.99104758753785,0.6053292968526874,0.48644513728717287,0.0,0.0,0.8077779452370323
test/tsimane_C12_20170709_41640,52.02714411270439,0.02533296358199118,1.0,0.0,1.0,0.5760242420532284
test/tsimane_C12_20170709_5640,34.25867907359447,0.0,0.13708808348930898,0.7323789106500489,0.0,0.8434669595403658
test/tsimane_C12_20170709_9240,48.68066756964525,0.22775725593667553,0.0,0.5434710642784026,1.0,0.6628050582671843
test/tsimane_C12_C13_M07_20170709_12840,57.957404198544396,0.0,0.20097555774715467,0.8512886904368736,1.0,0.8456059617431918
test/tsimane_C12_C13_M07_20170709_16440,46.92711014479284,0.2051594026564689,0.487276458854593,0.9512743813502756,0.0,0.7026452643783045
test/tsimane_C12_C13_M07_20170709_20040,30.688542143342378,0.23546725533480461,0.0,0.5621539011174405,0.0,0.7368059507148739
test/tsimane_C12_C13_M07_20170709_2040,45.193388863933606,1.0,0.5958882512455073,0.0,0.0,0.663781191951173
test/tsimane_C12_C13_M07_20170709_23640,32.51781970766442,0.0,0.0,0.840354067820497,0.0,0.785536917562724
test/tsimane_C12_C13_M07_20170709_27240,54.948617825113764,0.0,0.0,0.8351301777490401,1.0,0.9123007135066485
test/tsimane_C12_C13_M07_20170709_30840,27.87107477092941,0.46687905851221423,0.34175382347998096,0.0,0.0,0.5849208565542752
test/tsimane_C12_C13_M07_20170709_34440,40.071399465509025,0.0,0.0,0.7644002255699669,0.53561006302954,0.7035596846759443
test/tsimane_C12_C13_M07_20170709_38040,37.99104758753785,0.6053292968526874,0.48644513728717287,0.0,0.0,0.8077779452370323
test/tsimane_C12_C13_M07_20170709_41640,52.02714411270439,0.02533296358199118,1.0,0.0,1.0,0.5760242420532284
test/tsimane_C12_C13_M07_20170709_5640,34.25867907359447,0.0,0.13708808348930898,0.7323789106500489,0.0,0.8434669595403658
test/tsimane_C12_C13_M07_20170709_9240,48.68066756964525,0.22775725593667553,0.0,0.5434710642784026,1.0,0.6628050582671843
test/tsay_CEY_020212,73.81662876159585,0.07684556122614948,0.880056904063306,0.7928984938353292,1.0,0.9410304789550076
test/tsay_CEY_020307,43.82727497853171,0.0,0.7717720283327089,0.659594223167546,0.0,0.7599974974263305
test/tsay_CEY_020322,74.98915379491736,0.0,0.9122815629295107,0.8900065211369906,1.0,0.947169605679367
test/tsay_CEY_020405,75.47063479106801,0.0,0.9298790714096562,0.8843302113338519,1.0,0.9593224568098929
test/tsay_CEY_020426,74.15102731648565,0.0,0.9025982906899722,0.8778295851967499,1.0,0.92712348993756
test/tsay_CEY_020607,74.5337769894061,0.0,0.8811815129142174,0.9020005309008415,1.0,0.9435068056552464
test/tsay_CEY_020619,54.476227702098676,0.0,0.8915797170270873,0.8924364324473326,0.0,0.9397952356305146
test/tsay_CEY_020705,53.90399033915104,0.0,0.8933823331179128,0.8676325164925957,0.0,0.9341846673470433
test/tsay_CEY_020719,53.8377253315731,0.0,0.8776004649744902,0.8780760913965114,0.0,0.9362097102076532
test/tsay_CEY_020802,53.45680260995842,0.0,0.8889073316231384,0.8596868732109114,0.0,0.9242459256638712
test/tsay_CEY_020816,74.09253913529463,0.0,0.9047319865536856,0.8601572212477819,1.0,0.9397377489632641
test/tsay_CEY_020900,54.264975310626205,0.0,0.9099074264450174,0.8583479713709891,0.0,0.944993367715304
test/tsay_CEY_020922,53.0788030515987,0.0,0.8733300498161285,0.8555494232441695,0.0,0.9250606795196368
test/tsay_CEY_021004,58.559521481921195,0.30728633553234797,0.8506744771145421,0.8311617002115863,0.0,0.938853561237583
test/tsay_CEY_021019,51.903727485822394,0.0,0.8388191475260575,0.8550351789995511,0.0,0.901332047765511
test/tsay_CEY_021130,50.25090167848714,0.0,0.825313242302488,0.8128936888833147,0.0,0.8743381527385539
test/tsay_CEY_030013,52.8451662644966,0.0,0.8683405089005849,0.8636076627444195,0.0,0.9103101415798257
test/tsay_CEY_030027,53.43910842449645,0.0,0.8818729705296419,0.8582119000518825,0.0,0.9318705506432982
test/tsay_CEY_030110,53.31276889711274,0.0,0.8894375881801994,0.8434086887742398,0.0,0.9327921679011978
test/tsay_CEY_030125,52.712219849318366,0.0,0.8732968549738727,0.8369917790168933,0.0,0.9253223584751524
test/tsay_CEY_030209,54.45270609037407,0.0,0.904374580421154,0.8744755180338852,0.0,0.9437852060636643
test/tsay_CEY_030228,53.79858052185826,0.0,0.8812042815754869,0.8706845301761232,0.0,0.9380402143413032
test/tsay_CEY_030319,52.77174938398925,0.0,0.871830506510272,0.8543079501444517,0.0,0.9124490125447386
test/tsay_CEY_030410,51.28885836542722,0.0,0.8319853770082075,0.8433897750692605,0.0,0.8890677661938927
test/tsay_CEY_030501,33.676814662112264,0.0,0.5532974158471728,0.5464637267314995,0.0,0.5840795905269408
test/tsay_CEY_030521,75.59780134277318,0.3748419442760749,0.7205137373091519,0.7649487803696983,1.0,0.9195856051837338
test/tsay_CEY_030613,51.816996073085456,0.0,0.8707247832736141,0.817071554864713,0.0,0.9030534655159457
test/tsay_CEY_030704,53.48262140900293,0.0,0.8774640495617948,0.8643138575742352,0.0,0.9323531633141164
test/tsay_CEY_030816,50.411227303014186,0.0,0.8519839269992745,0.7509703174523814,0.0,0.9176071206990534
test/tsay_CEY_030907,50.386678394935146,0.0,0.8280612950341116,0.7631718161463834,0.0,0.9281008085662623
test/tsay_CEY_031000,52.14374046350533,0.0,0.8417862667688184,0.8257566153439733,0.0,0.9396441410624745
test/paido_c2at05m221,93.13627454819917,1.0,1.0,0.6834221190183488,1.0,0.97339160839161
test/paido_c2at08m121,89.50060940944272,1.0,1.0,0.5002895328098586,1.0,0.9747409376622775
test/paido_c2at09f311,91.1921558169006,1.0,1.0,0.5848904824289219,1.0,0.9747173084161087
test/paido_c2at10m321,91.96572972600319,1.0,1.0,0.6251825984735183,1.0,0.9731038878266408
test/paido_c2bt13m221,88.80623531182898,1.0,1.0,0.4653794772263248,1.0,0.9749322883651242
test/paido_c2bt13m222,90.5250219149195,1.0,1.0,0.5535090545852921,1.0,0.9727420411606841
test/paido_c2bt18f121,91.21500253770442,1.0,1.0,0.5846294796948904,1.0,0.9761206471903306
test/paido_c3at02f311,91.14239774049562,1.0,1.0,0.5826166738026785,1.0,0.9745032132221029
test/paido_c3at03f311,92.34408267883897,1.0,1.0,0.639664388928007,1.0,0.9775397450139413
test/paido_c3at04f221,93.84643276908191,1.0,1.0,0.7168479055932123,1.0,0.9754737328608835
test/paido_c3at06f111,91.32612329999908,1.0,1.0,0.5898109357702581,1.0,0.9764952292296956
test/paido_c3bt13f121,93.83064554581824,1.0,1.0,0.715164451343748,1.0,0.9763678259471644
test/paido_c3bt13f122,93.35526450457886,1.0,1.0,0.6935791418437613,1.0,0.9741840833851813
test/paido_c3bt17m211,90.9313948228845,1.0,1.0,0.5733288907115038,1.0,0.9732408504327215
test/paido_c3bt22f311,92.01134321914938,1.0,1.0,0.6240818861217583,1.0,0.9764852748357111
test/paido_c3bt23m321,90.77502756836417,1.0,1.0,0.5613908715866677,1.0,0.9773605068315412
test/paido_c4at01f211,92.99160261885619,1.0,1.0,0.6761082483022218,1.0,0.9734718826405879
test/paido_c4at01f212,92.20634984164029,1.0,1.0,0.6370470518304419,1.0,0.9732704402515722
test/paido_c4at06m112,92.11341742515032,1.0,1.0,0.633484064049634,1.0,0.9721868072078815
test/paido_c4bt13f111,92.75986310409922,1.0,1.0,0.6654283513795147,1.0,0.9725648038254472
test/paido_c4bt18m311,91.08098884128435,1.0,1.0,0.5763183023872693,1.0,0.977731139676948
test/paido_c4bt20m221,89.53436350353749,1.0,1.0,0.5013249819320638,1.0,0.9753931932448108
test/paido_c4bt21m111,93.42221369795108,1.0,1.0,0.7048767558971657,1.0,0.9662339290003883
test/paido_c4bt24m121,92.0640549438976,1.0,1.0,0.6258056570466776,1.0,0.9773970901482025
test/paido_c5at01m322,91.92506264980655,1.0,1.0,0.6194267351920322,1.0,0.9768263972982948
test/paido_c5at02m211,91.82262325412384,1.0,1.0,0.6316734581117474,1.0,0.9594577045944453
test/paido_c5at02m212,91.04028648897584,1.0,1.0,0.5808189376084533,1.0,0.9711953868403383
test/paido_c5at03m321,93.59656492646153,1.0,1.0,0.7034809890191981,1.0,0.9763472573038785
test/paido_c5at05m311,90.42192186069529,1.0,1.0,0.5484805189790317,1.0,0.9726155740557326
test/paido_c5at05m312,89.94529968007377,1.0,1.0,0.5249054478152406,1.0,0.9723595361884485
test/paido_c5at06m112,89.98440086386054,1.0,1.0,0.5334302929565748,1.0,0.9657897502364524
test/paido_c5at11f312,91.57939963817027,1.0,1.0,0.6036737470708288,1.0,0.9752962348376847
test/paido_c5at13f122,93.45573512431298,1.0,1.0,0.6989718541141533,1.0,0.9738149021014956
test/paido_c5at14f212,90.03165435396433,1.0,1.0,0.5226436167629788,1.0,0.9789391009352374
test/paido_c5at16f112,92.09933060402577,1.0,1.0,0.6279646512277753,1.0,0.977001878973513
test/paido_c5bt23f121,92.15313708864603,1.0,1.0,0.6332249867029134,1.0,0.9744318677293878
test/paido_c5bt23f122,89.66706388378569,1.0,1.0,0.5091561938958715,1.0,0.9741970002934124
test/paido_c5bt25m222,93.50366327156267,1.0,1.0,0.7026783259088164,1.0,0.9725048376693175
test/paido_e2at06m322,91.03863819949265,1.0,1.0,0.5802232191973401,1.0,0.9717086907772922
test/paido_e2at07m312,91.1467604783715,1.0,1.0,0.5811855462130631,1.0,0.9761524777055123
test/paido_e2at10m212,92.55671878538004,1.0,1.0,0.6554922082858221,1.0,0.9723437309831805
test/paido_e2bt11m221,71.77870625400269,0.0,1.0,0.6092139268809726,1.0,0.9797213858191619
test/paido_e2bt12f112,92.7668510754855,1.0,1.0,0.664788732394367,1.0,0.9735538213799081
test/paido_e2bt13m312,94.40616442784571,1.0,1.0,0.7519218229075756,1.0,0.9683863984847092
test/paido_e2bt14f321,89.94750779070303,1.0,1.0,0.5293538461538477,1.0,0.9680215433813034
test/paido_e2bt18m112,71.52144373725697,0.0,1.0,0.6134342181138273,1.0,0.9626379687490212
test/paido_e2bt23f121,92.01758799311014,1.0,1.0,0.6283227955673413,1.0,0.9725566040881657
test/paido_e3at02m212,91.37837850088572,1.0,1.0,0.5906590047683083,1.0,0.9782599202759775
test/paido_e3at04f111,89.4136391198308,1.0,1.0,0.5056982648824792,1.0,0.9649836911090606
test/paido_e3at05m222,53.70201880402842,0.0,0.0,0.715673820875334,1.0,0.969427119326087
test/paido_e3bt17m122,93.03369392628173,1.0,1.0,0.6776671205688899,1.0,0.9740175757451963
test/paido_e3bt23f112,73.87708174981624,1.0,0.0,0.7281308535272355,1.0,0.9657232339635767
test/paido_e3bt24f221,90.34030052247616,1.0,1.0,0.5447823227999651,1.0,0.9722327033238429
test/paido_e3bt24f222,91.108440003326,1.0,1.0,0.5851488993848591,1.0,0.9702731007814406
test/paido_e4at03f321,90.36466854807269,1.0,1.0,0.5479344356029932,1.0,0.9702989918006415
test/paido_e4at03f322,90.50801053892734,1.0,1.0,0.555431695729489,1.0,0.9699688312168776
test/paido_e4at04m122,91.7975152370383,1.0,1.0,0.6357247875601183,1.0,0.9541509742917965
test/paido_e4at11m222,91.58219481076281,1.0,1.0,0.6113830941758085,1.0,0.9677266463623323
test/paido_e4at12f111,88.96114439004762,1.0,1.0,0.4672937389880826,1.0,0.9807634805142991
test/paido_e4bt25m322,93.39133220393612,1.0,1.0,0.7020608644277827,1.0,0.9675057457690228
test/paido_e5at02f121,90.92000827079805,1.0,1.0,0.5740058195926283,1.0,0.971994593947274
test/paido_e5at02f122,89.96379591921435,1.0,1.0,0.5250955559358776,1.0,0.9730942400248404
test/paido_e5at03m112,51.114070995247154,0.0,0.0,0.60966360856269,1.0,0.9460399411996679
test/paido_e5at04f311,93.0569519402448,1.0,1.0,0.6786594979180973,1.0,0.974188099094143
test/paido_e5at05m221,95.85620219544367,1.0,1.0,0.8300227473897631,1.0,0.9627873623824201
test/paido_e5at06f221,93.38765197774421,1.0,1.0,0.7006643964470259,1.0,0.9687182024401841
test/paido_e5at08f321,92.33997760089926,1.0,1.0,0.6399724687017513,1.0,0.9770264113432111
test/paido_e5at13m121,95.72536010638778,1.0,1.0,0.8321389872795315,1.0,0.9541290180398577
test/paido_e5bt21m321,98.15029428874628,1.0,1.0,0.9418212537788598,1.0,0.9656934606584541
test/paido_e5bt23f112,90.88781289200354,1.0,1.0,0.5783054442611354,1.0,0.9660852003390413
test/paido_g2at01f112,95.20450706702847,1.0,1.0,0.7845977034874874,1.0,0.9756276498639359
test/paido_g2at03f222,93.76553642122258,1.0,1.0,0.709764939773125,1.0,0.9785118812880031
test/paido_g2at07m311,93.06038633062606,1.0,1.0,0.6788779267062348,1.0,0.974141389825068
test/paido_g2bt14m212,91.87075439210795,1.0,1.0,0.6166473891776654,1.0,0.976890330427732
test/paido_g2bt16m121,95.39201690202,1.0,1.0,0.8034554173983572,1.0,0.9661454277026431
test/paido_g2bt16m122,94.73870452082203,1.0,1.0,0.7798700935550096,1.0,0.9570651324860918
test/paido_g2bt17f222,91.39896515817728,1.0,1.0,0.5961114807422209,1.0,0.9738367771666432
test/paido_g2bt18f122,74.76585089930505,1.0,0.0,0.7646541359997645,1.0,0.9736384089654881
test/paido_g2bt23m221,92.01294538362467,1.0,1.0,0.6278639045136508,1.0,0.9727833646675829
test/paido_g3at01m221,90.23433274007164,1.0,1.0,0.5405818724356594,1.0,0.9711347645679228
test/paido_g3at08m222,92.22550963743149,1.0,1.0,0.6355353075170815,1.0,0.9757401743544922
test/paido_g3at10f122,91.01973422442781,1.0,1.0,0.5732300233988612,1.0,0.9777566878225292
test/paido_g3bt15f222,92.04911401906773,1.0,1.0,0.6316541622007856,1.0,0.9708015387526006
test/paido_g3bt17m311,91.36056920846227,1.0,1.0,0.5929231144806282,1.0,0.9751053459424848
test/paido_g3bt18f211,92.72480247512152,1.0,1.0,0.660425049004437,1.0,0.9758150747516388
test/paido_g4at04m122,91.07066741458291,1.0,1.0,0.5886327503974585,1.0,0.9649006203316871
test/paido_g4at05f212,94.58189352604197,1.0,1.0,0.7728625378651399,1.0,0.9562321384369591
test/paido_g4at09m221,94.20625636834316,1.0,1.0,0.7396881784093149,1.0,0.9706246400078429
test/paido_g4bt11f122,88.5114218742076,1.0,1.0,0.45954642372552806,1.0,0.9660246699848514
test/paido_g4bt15f122,89.50783710912627,1.0,1.0,0.4998361141893898,1.0,0.9755557412669239
test/paido_g4bt16m111,88.06349096652725,1.0,1.0,0.4279128106037494,1.0,0.9752617377226135
test/paido_g4bt18m312,93.25780332607488,1.0,1.0,0.6943175589256342,1.0,0.9685726073781102
test/paido_g4bt21m321,93.35084023672823,1.0,1.0,0.6965826947797202,1.0,0.9709593170566915
test/paido_g4bt21m322,93.34976803240306,1.0,1.0,0.6959697361741152,1.0,0.9715186654460377
test/paido_g4bt23f221,90.17197143183652,1.0,1.0,0.5416116248348739,1.0,0.9669869467569524
test/paido_g4bt23f222,92.19453518261167,1.0,1.0,0.6410261401016031,1.0,0.9687006190289804
test/paido_g4bt24f212,94.73720373200113,1.0,1.0,0.7667170029014027,1.0,0.9701431836986549
test/paido_g5at01f121,92.31549115336165,1.0,1.0,0.6422905660979606,1.0,0.9734839915701221
test/paido_g5at02m122,89.20519977839248,1.0,1.0,0.49029849339090875,1.0,0.9699614955287158
test/paido_g5at06f112,89.2708631566758,1.0,1.0,0.49116904962153163,1.0,0.9723741082122587
test/paido_g5at10m111,90.28099077578008,1.0,1.0,0.5481264429053463,1.0,0.9659230958836582
test/paido_g5at10m112,89.29789982210771,1.0,1.0,0.4978467237786523,1.0,0.9670482673267333
test/paido_g5at12m112,89.99254279300636,1.0,1.0,0.5374583431735297,1.0,0.9621687964767891
test/paido_g5bt23m212,88.97745880025221,1.0,1.0,0.48354615265452483,1.0,0.9653267873580856
test/paido_g5bt25m112,93.74446552622446,1.0,1.0,0.719198197941317,1.0,0.9680250783699061
test/paido_j2at02m311,90.92355549010922,1.0,1.0,0.5948661792650329,1.0,0.9513115952404279
test/paido_j2at02m312,92.53682338111231,1.0,1.0,0.6558259947390864,1.0,0.9710151743165295
test/paido_j2at04f311,93.01046363169017,1.0,1.0,0.6814515663762769,1.0,0.9690716152082324
test/paido_j2at05f121,94.23495111189621,1.0,1.0,0.7359741569323868,1.0,0.9757733986624232
test/paido_j2at05f122,91.7616375003158,1.0,1.0,0.6111873887617587,1.0,0.9768944862540311
test/paido_j2at08m221,92.77614534447926,1.0,1.0,0.6840210638910591,1.0,0.9547862033329041
test/paido_j2at08m222,98.39426594646383,1.0,1.0,0.9470921620403182,1.0,0.972621135282874
test/paido_j2at12m112,90.04674734752032,1.0,1.0,0.5306689003230838,1.0,0.9716684670529319
test/paido_j2at13f111,92.60158985738795,1.0,1.0,0.6585338975579647,1.0,0.9715455953114337
test/paido_j2bt15f312,91.48520354995475,1.0,1.0,0.6022864799446754,1.0,0.9719736975530616
test/paido_j2bt20f111,93.89875660466747,1.0,1.0,0.7255746976511237,1.0,0.9693631325822499
test/paido_j2bt20f112,92.14911263685352,1.0,1.0,0.6500143999645538,1.0,0.9574412318781226
test/paido_j2bt23f321,90.7591698718584,1.0,1.0,0.5653204683569205,1.0,0.9726380252359993
test/paido_j2bt23f322,91.12080589475659,1.0,1.0,0.5831950321481563,1.0,0.9728452625896731
test/paido_j3at01f321,92.60514613823277,1.0,1.0,0.6578792566286852,1.0,0.9723780502829531
test/paido_j3at04f312,93.49825486006257,1.0,1.0,0.7068275521416125,1.0,0.9680851908615165
test/paido_j3at06f212,90.49196720382837,1.0,1.0,0.5528455284552837,1.0,0.9717528317361342
test/paido_j3at07f221,91.20033703050261,1.0,1.0,0.5840928768934274,1.0,0.9759239746317036
test/paido_j3at11f111,98.44317524694783,1.0,1.0,0.959640295471574,1.0,0.9625184668758174
test/paido_j3bt16m212,90.63229885335254,1.0,1.0,0.5713533564676336,1.0,0.9602615861999934
test/paido_j3bt18m122,89.51821822341739,1.0,1.0,0.5070757907838841,1.0,0.9688351203869848
test/paido_j3bt25m312,93.72262459850091,1.0,1.0,0.7163605589991079,1.0,0.9697706709259377
test/paido_j4at05f122,90.6681224305218,1.0,1.0,0.5568906374154554,1.0,0.9765154841106338
test/paido_j4at09m112,92.33025528172097,1.0,1.0,0.659835857689227,1.0,0.9566769063968208
test/paido_j4at11m312,89.3537277648131,1.0,1.0,0.49651937793137535,1.0,0.97116701030928
test/paido_j4at12m321,90.77261293794784,1.0,1.0,0.5684703383694554,1.0,0.9701603085279363
test/paido_j4at13m312,55.251097089022906,1.0,0.0,0.7992213114754068,0.0,0.9633335429757385
test/paido_j4bt27f211,90.28452330865552,1.0,1.0,0.541476084308273,1.0,0.9727500811245036
test/paido_j4bt28f111,93.02685188886392,1.0,1.0,0.6843329268752595,1.0,0.967009667567936
test/paido_j5at03f312,92.94032013997965,1.0,1.0,0.6766981332954776,1.0,0.970317873703505
test/paido_j5at08m221,91.6386427166279,1.0,1.0,0.6095194819947723,1.0,0.9724126538366231
test/paido_j5at15f222,93.22731264984915,1.0,1.0,0.6925383834159747,1.0,0.9688272490764828
test/paido_j5bt19m321,73.66782574097999,1.0,0.0,0.7222106417495188,1.0,0.9611806452994813
test/namibia_eoxk_20170314_12780,28.553109176627743,0.0,0.0,0.7246345690752639,0.0,0.7030208897561233
test/namibia_eoxk_20170314_16380,59.27225193422946,0.5202524141118776,1.0,0.6316964599818949,0.0,0.8116637226177005
test/namibia_eoxk_20170314_1980,44.39698127676504,0.19020099704696297,0.7589169975297367,0.4736599499539055,0.0,0.797071119307647
test/namibia_eoxk_20170314_19980,51.11647080156692,0.0,0.0,0.8243875664432635,1.0,0.7314359736350823
test/namibia_eoxk_20170314_23580,89.89679470620479,1.0,0.8002206568785539,0.7974484867997422,1.0,0.8971705916319429
test/namibia_eoxk_20170314_30780,60.99319778013278,0.32518381687130854,0.7426035154640391,0.20895036615134135,0.8972669546350318,0.875655235884918
test/namibia_eoxk_20170314_34380,36.646523222902,0.16861345380915613,0.19683608512915568,0.6913958328642059,0.0,0.7754807893425821
test/namibia_eoxk_20170314_37980,70.28970111130785,0.6888564101149932,1.0,0.9386760216866362,0.0,0.8869526237637628
test/namibia_eoxk_20170314_52380,87.11686425265832,1.0,1.0,0.8563461365476298,0.6566288914449492,0.8428681846403367
test/namibia_eoxk_20170314_5580,80.0,0.0,1.0,1.0,1.0,1.0
test/namibia_eoxk_20170314_9180,74.52297694013487,0.5076355292920769,0.7527397520003033,0.6248064334482999,1.0,0.8409671322660631
test/namibia_eoxk_20170315_12780,40.823745899431906,0.39807066941624375,0.3120892407902185,0.631522519030457,0.0,0.6995048657346764
test/namibia_eoxk_20170315_16380,43.33639466283953,0.38814949345895144,0.41071630964524536,0.0,0.7100247171296075,0.6579292129081723
test/namibia_eoxk_20170315_1980,48.44908295269056,0.0,0.5933118176199961,0.8116373806773275,0.3745808199971751,0.642924129340029
test/namibia_eoxk_20170315_19980,39.959827514912725,0.0618952285618956,0.0,0.7696418752978265,0.47996850944716546,0.6864857624387488
test/namibia_eoxk_20170315_23580,65.36609102622222,0.0,0.9000944691014734,0.5804683038263854,1.0,0.7877417783832523
test/namibia_eoxk_20170315_27180,51.86842650665455,0.5017159869928186,0.0,0.35490418844202015,1.0,0.7368011498978889
test/namibia_eoxk_20170315_30780,23.474230896227567,0.0,0.0,0.5346506789422371,0.0,0.6390608658691413
test/namibia_eoxk_20170315_34380,63.88848323305276,0.0,1.0,0.41220457585840087,1.0,0.782219585794237
test/namibia_eoxk_20170315_37980,74.93793816160496,0.3760358887096418,1.0,0.7037820333637469,0.7896441590393545,0.8774348269675049
test/namibia_eoxk_20170315_41580,62.596552877409295,0.0,0.7822593993099322,0.7921996364237318,0.67069395606047,0.8846746520763308
test/namibia_eoxk_20170315_45180,67.7036201206005,0.0,1.0,0.7387748580061296,0.7959861775651247,0.8504199704587712
test/namibia_eoxk_20170315_5580,53.21246792435337,0.0,0.0,0.8309377953749493,1.0,0.8296856008427193
test/namibia_eoxk_20170315_55980,60.0,1.0,1.0,1.0,0.0,0.0
test/namibia_eoxk_20170315_9180,63.393475060354966,0.6722500414848658,0.893571852268116,0.4080662592901807,0.37763110796818644,0.8181544920063991
test/namibia_uebn_20160710_12780,72.90346471428283,0.0,1.0,0.8350006477336511,1.0,0.8101725879804906
test/namibia_uebn_20160710_16380,52.330596330949795,0.6151342554922702,0.5871006956169381,0.6066688648915997,0.0,0.8076260005466819
test/namibia_uebn_20160710_1980,58.00808078408964,0.23949320148331285,0.041524871924025944,0.7399427490086334,1.0,0.8794432167885101
test/namibia_uebn_20160710_19980,63.19550022357676,0.0,1.0,0.5798875055894189,1.0,0.579887505589419
test/namibia_uebn_20160710_23580,63.05395689138251,0.4932496177494387,0.0,0.8312408776102391,1.0,0.828207349209448
test/namibia_uebn_20160710_27180,69.52053494061519,0.0,1.0,0.6107362974611301,1.0,0.8652904495696297
test/namibia_uebn_20160710_30780,48.016890673030304,0.0,0.0,0.885563071954597,0.7909975418402367,0.7242839198566811
test/namibia_uebn_20160710_34380,60.0,1.0,1.0,1.0,0.0,0.0
test/namibia_uebn_20160710_37980,0.0,0.0,0.0,0.0,0.0,0.0
test/namibia_uebn_20160710_41580,40.0,0.0,1.0,1.0,0.0,0.0
test/namibia_uebn_20160710_48780,80.0,1.0,1.0,1.0,1.0,0.0
test/namibia_uebn_20160710_52380,60.0,1.0,1.0,1.0,0.0,0.0
test/namibia_uebn_20160710_5580,33.383302796307,0.0,0.0,0.5197643699850671,0.4082950052448957,0.7411057645853871
test/namibia_uebn_20160710_9180,71.14557920908429,0.32263766722289877,0.8798165041527456,0.5987239658268925,1.0,0.7561008232516776
test/namibia_uebn_20160711_12780,38.483460226349564,0.0,0.0,0.4068582863380021,1.0,0.5173147249794762
test/namibia_uebn_20160711_16380,61.51245784170405,0.5541581881891438,0.0,0.6662714149572023,1.0,0.8551932889388566
test/namibia_uebn_20160711_1980,42.338605135612795,0.5018055327584244,0.0,0.0,1.0,0.6151247240222153
test/namibia_uebn_20160711_19980,69.89606506857142,0.0,1.0,0.5940267863537623,1.0,0.9007764670748086
test/namibia_uebn_20160711_23580,51.12071188646491,0.03619952269558808,0.4071533987325283,0.573649230497472,1.0,0.5390334423976572
test/namibia_uebn_20160711_27180,20.0,0.0,0.0,1.0,0.0,0.0
test/namibia_uebn_20160711_30780,57.62587953504001,0.0,0.8285013825935741,1.0,0.18688746599508188,0.8659051281633451
test/namibia_uebn_20160711_34380,54.83724357092945,0.0,0.6358276398356554,1.0,0.29732986617618984,0.8087046725346272
test/namibia_uebn_20160711_37980,32.65227535033147,0.2733340628077468,0.44074925385574726,0.0,0.26544559868780754,0.6530848521652718
test/namibia_uebn_20160711_41580,32.17496942902641,0.0,0.4553614997900564,0.0,0.49525248212036455,0.6581344895408996
test/namibia_uebn_20160711_45180,40.0,1.0,0.0,1.0,0.0,0.0
test/namibia_uebn_20160711_5580,61.32965189185421,0.0,0.5085465160943374,0.8833497805151936,1.0,0.6745862979831793
test/namibia_uebn_20160711_9180,20.0,0.0,0.0,1.0,0.0,0.0
test/namibia_uebn_20160712_12780,79.28709861419713,0.4620341434728824,1.0,0.6562048362718813,1.0,0.8461159509650928
test/namibia_uebn_20160712_1980,50.03838497032555,0.0,0.0,0.7506224693538252,1.0,0.7512967791624525
test/namibia_uebn_20160712_5580,71.99009098157782,0.39458126595491955,1.0,0.5065430484411712,1.0,0.6983802346828005
test/namibia_uebn_20160712_9180,48.91722750199165,0.17863958140966638,0.4826924207103251,0.6899342372750089,0.4168331615806854,0.6777619741238965
test/namibia_uebn_20160713_12780,39.698278029237585,0.0,0.6584030876619905,0.0,0.5453881849940037,0.7811226288058852
test/namibia_uebn_20160713_16380,40.0,0.0,1.0,1.0,0.0,0.0
test/namibia_uebn_20160713_1980,79.38866255534485,0.40551023381163975,1.0,0.7490582232606929,1.0,0.8148646706949098
test/namibia_uebn_20160713_19980,31.741589597302454,0.0,0.7901007007034135,0.0,0.0,0.7969787791617091
test/namibia_uebn_20160713_23580,58.812319696006085,0.5515817656061398,0.0,0.5784354346807229,1.0,0.8105987845134421
test/namibia_uebn_20160713_27180,60.40619613026031,0.5156197788999203,0.7383180892502546,0.0,1.0,0.7663719383628409
test/namibia_uebn_20160713_30780,38.46662854638082,0.376462390750809,0.0,0.8188124306326302,0.0,0.7280566059356018
test/namibia_uebn_20160713_34380,27.06941613331469,0.0,0.2569261213720318,0.6463967945318486,0.0,0.45014789076185385
test/namibia_uebn_20160713_37980,40.70604531512811,0.0,0.0,1.0,1.0,0.035302265756405694
test/namibia_uebn_20160713_41580,60.0,1.0,1.0,1.0,0.0,0.0
test/namibia_uebn_20160713_5580,33.26539555271525,0.08848383715208745,0.8303911665517595,0.0,0.0,0.7443947739319158
test/namibia_uebn_20160713_9180,79.97737078918277,0.666357248480793,1.0,0.4929874706744118,1.0,0.8395238203039345
test/namibia_uebn_20161112_12780,48.90143887588177,0.42124868731300513,0.5049444202312897,0.36698318804483226,0.5094825445372444,0.642413103667717
test/namibia_uebn_20161112_16380,50.096362863188425,0.4349970335212104,0.6234270159268375,0.5455076352110502,0.0,0.9008864585003236
test/namibia_uebn_20161112_1980,37.018043522498154,0.33344860046491037,0.3607070657265418,0.3768636827437058,0.0,0.7798828271897496
test/namibia_uebn_20161112_19980,32.26027466500221,0.11144435879331216,0.0,0.0,1.0,0.5015693744567983
test/namibia_uebn_20161112_23580,45.88809846683333,0.0,0.5424483579939807,0.4652064401422361,0.48211876185741726,0.8046313633480323
test/namibia_uebn_20161112_27180,17.896360194932964,0.0,0.14008953380673025,0.25343514390532806,0.0,0.5012933320345899
test/namibia_uebn_20161112_30780,55.01343958008824,0.0,0.7766197183098594,0.7762650157334178,0.3551888111888113,0.8425984337723236
test/namibia_uebn_20161112_34380,6.553579038461564,0.0,0.07467089494450402,0.0,0.0,0.2530080569785742
test/namibia_uebn_20161112_37980,51.538014852797346,0.08240353895305978,1.0,0.7520393340037992,0.0,0.7424578696830084
test/namibia_uebn_20161112_41580,33.331568111967336,0.0,0.0,0.3568541967719045,0.5779099288186436,0.7318142800078186
test/namibia_uebn_20161112_45180,77.75966842576032,1.0,0.9265644032454528,1.0,0.0,0.961419018042563
test/namibia_uebn_20161112_52380,60.0,1.0,1.0,1.0,0.0,0.0
test/namibia_uebn_20161112_5580,46.5547927885334,0.0,1.0,0.5649590599744797,0.0,0.7627805794521899
test/namibia_uebn_20161112_9180,42.905160654185906,0.0,1.0,0.4653600383906244,0.0,0.679897994318671
test/namibia_uebn_20161113_12780,39.924354009344086,0.5579995214412339,0.4233781883912428,0.25880875907477424,0.0,0.7560312315599532
test/namibia_uebn_20161113_16380,46.503444643139204,0.032290084552184295,0.6842240238535683,0.755940280686947,0.0,0.8527178430642607
test/namibia_uebn_20161113_1980,25.307961471666356,0.0,0.6236697400367598,0.0,0.0,0.6417283335465581
test/namibia_uebn_20161113_19980,50.99635917632542,0.055340949563025627,0.5950135617634887,1.0,0.3391197172641147,0.560343730225642
test/namibia_uebn_20161113_23580,72.92485186577805,0.0,0.7122369267759779,1.0,1.0,0.9340056665129243
test/namibia_uebn_20161113_27180,26.847667514018454,0.0,0.2145712001827124,0.0,1.0,0.1278121755182101
test/namibia_uebn_20161113_30780,31.675759468568526,0.3107636584302051,0.33556507228019344,0.0,0.30866218100260656,0.6287970617154213
test/namibia_uebn_20161113_34380,48.33185634790765,0.0,0.8972491181790017,0.1473865109301953,0.6687594862635858,0.7031977020226
test/namibia_uebn_20161113_37980,69.85987658087815,1.0,0.5865596091533336,1.0,0.16072184727660538,0.745712372613969
test/namibia_uebn_20161113_41580,33.21862044641075,0.0,0.0,0.7885283694043986,0.0,0.8724026529161389
test/namibia_uebn_20161113_52380,40.0,0.0,1.0,0.0,1.0,0.0
test/namibia_uebn_20161113_5580,40.0,0.0,1.0,0.0,1.0,0.0
test/namibia_uebn_20161113_55980,60.0,1.0,1.0,1.0,0.0,0.0
test/namibia_uebn_20161113_9180,60.0,1.0,1.0,1.0,0.0,0.0
test/namibia_uebn_20161114_12780,45.96594629130209,0.0,1.0,0.6529228413627167,0.0,0.645374473202388
test/namibia_uebn_20161114_16380,24.221245781201763,0.0,0.5966480510664508,0.0,0.0,0.6144142379936374
test/namibia_uebn_20161114_1980,25.97777906373962,0.10151945232927088,0.5633866720680576,0.0,0.0,0.6339828287896525
test/namibia_uebn_20161114_19980,36.25382164900959,0.0,0.0,0.9167123716994435,0.43609007391869975,0.459888636832336
test/namibia_uebn_20161114_23580,53.64767939020564,0.0,0.7006259717977583,1.0,0.19141073021536897,0.7903472674971549
test/namibia_uebn_20161114_27180,40.0,1.0,1.0,0.0,0.0,0.0
test/namibia_uebn_20161114_30780,47.58033098721041,0.3348144964507542,0.6490713587487782,0.4264783548487203,0.10491613230445967,0.8637362070078078
test/namibia_uebn_20161114_34380,60.0,0.0,1.0,1.0,1.0,0.0
test/namibia_uebn_20161114_37980,40.0,0.0,1.0,0.0,1.0,0.0
test/namibia_uebn_20161114_45180,20.0,0.0,1.0,0.0,0.0,0.0
test/namibia_uebn_20161114_48780,60.0,0.0,1.0,1.0,1.0,0.0
test/namibia_uebn_20161114_52380,40.0,1.0,1.0,0.0,0.0,0.0
test/namibia_uebn_20161114_5580,40.11118679226722,0.47425630237420574,0.693643839064244,0.0,0.0,0.8376591981749111
test/namibia_uebn_20161114_9180,47.082788739486965,0.4065585885178514,0.7892846660287353,0.3581440080722719,0.0,0.8001521743554898
test/namibia_uebn_20170308_12780,27.026681115267483,0.0,0.6911933980937298,0.0,0.0,0.6601406576696444
test/namibia_uebn_20170308_16380,38.54761444452031,0.0,0.6692782576552622,0.5093621179615626,0.0,0.7487403466091906
test/namibia_uebn_20170308_1980,29.007324315041018,0.0,0.38446770525080115,0.36751435602953253,0.0,0.6983841544717172
test/namibia_uebn_20170308_19980,33.270158999972196,0.0,0.4966805251716755,0.595568496094859,0.0,0.571258928732075
test/namibia_uebn_20170308_23580,45.526740846667025,0.29736806667364934,0.7259929006243084,0.42928726348066554,0.0,0.823688811554728
test/namibia_uebn_20170308_27180,46.716992871453044,0.4536193462433901,0.5696562419229777,0.5456025687739102,0.0,0.7669714866323744
test/namibia_uebn_20170308_30780,26.782107206295713,0.1714542870255268,0.45943215572744683,0.0,0.0,0.7082189175618121
test/namibia_uebn_20170308_34380,77.68469479884182,1.0,0.0,1.0,0.9484590163934418,0.9357757235486489
test/namibia_uebn_20170308_37980,38.691444399897115,0.12159500033965101,0.8126860900538853,0.14003244250440994,0.0,0.8602586870969094
test/namibia_uebn_20170308_41580,32.36287576493109,0.29041131077884746,0.2739321663665618,0.13126942358732402,0.0,0.9225308875138213
test/namibia_uebn_20170308_45180,48.00847785087434,0.0,0.5874698153472984,0.9014103519717342,0.0,0.9115437252246847
test/namibia_uebn_20170308_48780,60.0,1.0,1.0,1.0,0.0,0.0
test/namibia_uebn_20170308_52380,60.0,1.0,1.0,1.0,0.0,0.0
test/namibia_uebn_20170308_5580,24.801672909590973,0.0,0.0,0.6770598078030853,0.0,0.5630238376764636
test/namibia_uebn_20170308_9180,34.03913612189753,0.0277728254194648,0.20263793333576002,0.7321009577100134,0.0,0.7394450896296383
test/namibia_uebn_20170309_103080,40.0,1.0,1.0,0.0,0.0,0.0
test/namibia_uebn_20170309_106680,40.0,1.0,1.0,0.0,0.0,0.0
test/namibia_uebn_20170309_12780,27.6098678114195,0.0,0.6786536923326737,0.0,0.0,0.7018396982383015
test/namibia_uebn_20170309_16380,48.12363521754156,0.38063497631994375,0.6527705038231908,0.5622424699669196,0.0,0.8105338107670237
test/namibia_uebn_20170309_1980,25.767391064288798,0.0,0.3022329724786883,0.3868907232704403,0.0,0.5992458574653114
test/namibia_uebn_20170309_19980,43.715730048122346,0.0,0.6350469720011324,0.5668190831049665,0.3403698900661324,0.643550557233886
test/namibia_uebn_20170309_23580,43.91543880347409,0.31086300543150236,0.7452823105645112,0.3354175188453214,0.0,0.8042091053323696
test/namibia_uebn_20170309_27180,58.952757595961394,0.4222399329992304,0.616180260500105,0.6057084429592122,0.5192035222961958,0.7843057210433263
test/namibia_uebn_20170309_30780,24.047787429531457,0.14631300142029116,0.33984694056344644,0.0,0.0,0.7162294294928352
test/namibia_uebn_20170309_34380,76.01511555672047,1.0,0.0,1.0,0.9028849978074426,0.8978707800285816
test/namibia_uebn_20170309_37980,37.22747612054832,0.10655649875584881,0.8128844331952321,0.06354091427733981,0.0,0.878391959798995
test/namibia_uebn_20170309_41580,30.679365363894757,0.32555036335056486,0.24547509640814988,0.05629424765686846,0.0,0.9066485607791546
test/namibia_uebn_20170309_45180,47.54856233834883,0.0,0.5682103907519647,0.8921772008392913,0.0,0.9170405253261859
test/namibia_uebn_20170309_48780,60.0,1.0,1.0,1.0,0.0,0.0
test/namibia_uebn_20170309_52380,60.0,1.0,1.0,1.0,0.0,0.0
test/namibia_uebn_20170309_5580,40.472313321268444,0.0,0.0,0.6825196053630154,0.626264777931622,0.7148312827687846
test/namibia_uebn_20170309_56280,67.76765518787343,0.0,1.0,0.6396746769285352,1.0,0.7487080824651361
test/namibia_uebn_20170309_59880,23.086011189259832,0.03366891126075041,0.43948917489773537,0.0,0.2527788106294933,0.42836366267501236
test/namibia_uebn_20170309_63480,49.19975456690433,0.4993771458086469,0.4154902048741723,0.7256230048234686,0.0,0.8194973728389289
test/namibia_uebn_20170309_67080,47.58731158104932,0.0,1.0,0.6901916085290365,0.0,0.6891739705234293
test/namibia_uebn_20170309_70680,46.16770154941266,0.0345502161360552,0.6648157242456701,0.48666476315896806,0.37426876408210474,0.7480856098478346
test/namibia_uebn_20170309_74280,60.97608610043541,0.361332240296475,0.339862197104591,0.6061092274158392,1.0,0.7415006402048653
test/namibia_uebn_20170309_77880,46.95165953873047,0.34334742921184563,0.0,0.5546989379257818,0.6686551397368385,0.7808814700620571
test/namibia_uebn_20170309_81480,50.493752541807304,0.4758184698887789,0.3565422883049179,0.19286157666045928,0.7230393387707122,0.776425953465497
test/namibia_uebn_20170309_85080,33.67217235407506,0.42524274565299736,0.0,0.26857153911630355,0.40184507978723394,0.5879492531472182
test/namibia_uebn_20170309_88680,57.181242875344665,0.10435858293414745,1.0,0.23732583929499862,1.0,0.5173777215380869
test/namibia_uebn_20170309_9180,50.65626131159093,0.14965313447221826,0.2669949478800281,0.6474336137677785,0.7715405948168682,0.6971907746426537
test/namibia_uebn_20170309_92280,34.95709789048653,0.38063497123646983,0.38067895002524,0.0,0.16475296583924934,0.8217880074233671
test/namibia_uebn_20170309_99480,51.97588682206404,0.0,0.6840176038663129,0.9759047845134557,0.0,0.9388719527234335
test/namibia_uebn_20170310_12780,44.16662277723041,0.20440315087861044,0.8030756054181892,0.0,0.32774181785030276,0.8731105647144181
test/namibia_uebn_20170310_16380,43.30314347119341,0.0,0.5530053976360508,0.8289704978221903,0.0,0.7831812781014295
test/namibia_uebn_20170310_1980,45.388260169321036,0.0048819998446633026,0.0,0.6866801140710852,0.7183548205005097,0.8594960740497937
test/namibia_uebn_20170310_19980,32.00492074462954,0.2840853994950915,0.5693808916119666,0.0,0.0,0.7467797461244189
test/namibia_uebn_20170310_23580,64.20787295076121,0.6205924205784524,0.7582155963066884,1.0,0.0,0.83158563065292
test/namibia_uebn_20170310_27180,64.28527579710398,0.4594426468248036,0.2587857065769969,0.6240382756863536,1.0,0.8719971607670447
test/namibia_uebn_20170310_30780,36.7992640123133,0.3080328459718239,0.46045521954993895,0.2757403758491898,0.0,0.7957347592447126
test/namibia_uebn_20170310_34380,37.341439170239276,0.41700664775198243,0.3663003225064041,0.30065063136179154,0.0,0.7831143568917858
test/namibia_uebn_20170310_37980,30.751223449766517,0.37578564881498006,0.1281625290739073,0.4265795092121585,0.0,0.6070334853872802
test/namibia_uebn_20170310_41580,60.0,1.0,1.0,1.0,0.0,0.0
test/namibia_uebn_20170310_45180,31.888436387534195,0.0,0.17259530854667868,1.0,0.0,0.42182651083003125
test/namibia_uebn_20170310_5580,48.47658315453871,0.2298676462234673,0.6464425775429413,0.38173035849242626,0.45958039615047247,0.7062081793176284
test/namibia_uebn_20170310_9180,58.27768756220498,0.5666742658539836,0.0,0.45825089871275737,1.0,0.8889592135435083
test/lena_lyon_Frugo_10h10,18.207599250305766,0.0,0.07825942298222033,0.42707946981084394,0.0,0.40504106972222403
test/lena_lyon_Frugo_10h15,13.075945511005887,0.0,0.07538559513058198,0.31150860856779694,0.0,0.26690307185191553
test/lena_lyon_Frugo_12h00,40.62217256049524,0.0,0.030455868444111522,0.6230861839600568,1.0,0.37756657562059315
test/lena_lyon_Frugo_12h05,24.119431270782794,0.0,0.0,0.0849793767558795,1.0,0.12099218678326026
test/lena_lyon_Frugo_16h25,33.077448628006955,0.0,0.0,0.7573213115412891,0.18118601506664103,0.7153651047924174
test/lena_lyon_Frugo_16h30,27.245874450760223,0.0,0.04238141886238996,0.6434343746467501,0.0,0.676477929028871
test/lena_lyon_Frugo_18h25,44.41223150531911,0.0,0.0,0.5970169077313375,1.0,0.6235946675346182
test/lena_lyon_Frugo_18h30,30.407279360273797,0.0,0.0,0.7535651143246134,0.0,0.7667988536890766
test/lena_lyon_Frugo_7h25,20.923893480562672,0.0,0.0,0.5396349564848125,0.0,0.506559717543321
test/lena_lyon_Frugo_7h30,48.27777454625048,0.0,0.0,0.7084328212298777,1.0,0.7054559060826459
test/lena_lyon_Frugo_8h20,48.85632070956582,0.0,0.0,0.7135108717339705,1.0,0.7293051637443204
test/lena_lyon_Frugo_8h25,47.5266049418816,0.0,0.0,0.7212501179455459,1.0,0.6550801291485341
test/lena_lyon_GLeon_10h45,49.99324202871133,1.0,0.0,0.7951090461587056,0.0,0.7045530552768609
test/lena_lyon_GLeon_10h50,18.51604437692661,0.0,0.0,0.48911137732151777,0.0,0.4366908415248128
test/lena_lyon_GLeon_13h50,41.01490792401981,0.0,1.0,0.5385797606121965,0.0,0.5121656355887939
test/lena_lyon_GLeon_13h55,28.371979352754828,0.0,0.0,0.7212455879700795,0.0,0.6973533796676619
test/lena_lyon_GLeon_14h35,12.054408889721135,0.0,0.0,0.3304926546814241,0.0,0.27222778980463275
test/lena_lyon_GLeon_14h40,39.94292590773668,0.0,0.0,0.5053576993455696,1.0,0.49178859604126474
test/lena_lyon_GLeon_16h55,74.06358670368881,1.0,1.0,0.37891543574969794,1.0,0.32426389943474304
test/lena_lyon_GLeon_17h00,18.228658319192576,0.0,0.0,0.4862343324250685,0.0,0.4251985835345602
test/lena_lyon_GLeon_18h35,25.845233102121384,0.0,0.0,0.6720620813291851,0.0,0.6201995737768843
test/lena_lyon_GLeon_18h40,15.511269198709723,0.0,0.0,0.4141727013984578,0.0,0.3613907585370283
test/lena_lyon_GLeon_8h05,59.41919302796398,0.0,1.0,0.499296185074517,1.0,0.4716634663236821
test/lena_lyon_GLeon_8h,26.715719105378327,0.0,0.0,0.6964721254320536,0.0,0.6393138298368628
test/aclew_starter_CAS_0643_02_01_25764,36.376771066209926,0.4326935413512598,0.380571109599316,0.33874377907166037,0.0,0.6668301232882599
test/aclew_starter_CAS_2625_32_01_11145,38.400790613480254,0.6140421951447538,0.26093419472871643,0.4925526761927834,0.0,0.5525104646077591
test/aclew_starter_ROS_8340_17_01_03600,44.394049482239325,0.0,0.6396459757398553,0.6864715853637671,0.0,0.8935849130083442
test/aclew_starter_ROW_0049_23_05_13543,55.826897810573264,0.0,0.7916388946557528,0.7969791001186443,0.36583652618135376,0.8368903695729123
test/aclew_starter_SOD_8560_10_01_30182,46.15667806471617,0.0,0.6880646991885855,0.5011702517235345,0.22874209416725,0.8898568581564384
TOTAL,61.27947411706076,0.2736740228961797,0.8311243295369557,0.7606064277575987,0.3074250189327401,0.8911439067295637
